{
  "train_loss": [
    0.0660563490130532,
    0.033817806530376554,
    0.03229613701852275,
    0.031523045703348976,
    0.030957600731455103,
    0.028118826737496216,
    0.023919034854207242,
    0.02846374756223719,
    0.024574275797521566,
    0.019416457330676873,
    0.018752230147660618,
    0.014536853302532519,
    0.008464098514490564,
    0.005330741641597009,
    0.0044916273835836585,
    0.004126670819536691,
    0.0037366181093884607,
    0.0036717009940512584,
    0.003398290684472927,
    0.003213491943389387,
    0.00312266968728476,
    0.002884946894687666,
    0.0028052136079001594,
    0.002738934062736135,
    0.0025246445955315108,
    0.002431595563547502,
    0.0023599826356947,
    0.002325838480905538,
    0.00219548879433948,
    0.002152066900801491,
    0.0020993460956829743,
    0.002020001936126763,
    0.0019206301584629945,
    0.00190956943215881,
    0.0018179021401881752,
    0.0017495350846627228,
    0.001830417838301772,
    0.0017018930061759663,
    0.0014774648925210809,
    0.0014239207244622456,
    0.0013919027233627482,
    0.0013893994414181986,
    0.0013851715894547148,
    0.001377174858672833,
    0.0012645972974624643,
    0.001246670710290192,
    0.0012320955398715508,
    0.0012248471858058597,
    0.0012129184898172676,
    0.001208117241564561,
    0.0011436528965673397,
    0.0011366264350240079
  ],
  "val_loss": [
    0.01940921414643526,
    0.019331329377988975,
    0.01951126763597131,
    0.019298132229596376,
    0.019583439858009418,
    0.02291029136007031,
    0.019229175553967557,
    0.020025715852777164,
    0.020357790123671293,
    0.020844569026182095,
    0.0205055116986235,
    0.015875866683200002,
    0.006781063500481347,
    0.0036372363567352293,
    0.003121273483460148,
    0.0032017452525906266,
    0.003496222252336641,
    0.002666483346062402,
    0.00304070250907292,
    0.002254333389767756,
    0.002397041643659274,
    0.002490803781741609,
    0.0024374465070044,
    0.0019697422355723876,
    0.0021045533435729642,
    0.00195420462017258,
    0.0020425630655760566,
    0.0021929663140326737,
    0.0018257358926348389,
    0.0018991918031436702,
    0.001655840342088292,
    0.001580974548899879,
    0.0017923122892777126,
    0.0018362444476224481,
    0.0018988774429696301,
    0.0016102518343056242,
    0.0020782597673436004,
    0.001724311119566361,
    0.0018104397458955646,
    0.0018465764219096552,
    0.0017746823044338573,
    0.001789353989685575,
    0.0016299735948753853,
    0.0017742555782509347,
    0.0016355791905273995,
    0.0016538512097516408,
    0.001705060072708875,
    0.0017050398707700273,
    0.001810776279307902,
    0.0017456641731162866,
    0.0017085513953740397,
    0.0017070899930937836
  ],
  "lr": [
    0.001,
    0.001,
    0.001,
    0.001,
    0.001,
    0.001,
    0.001,
    0.001,
    0.001,
    0.001,
    0.001,
    0.001,
    0.001,
    0.001,
    0.001,
    0.001,
    0.001,
    0.001,
    0.001,
    0.001,
    0.001,
    0.001,
    0.001,
    0.001,
    0.001,
    0.001,
    0.001,
    0.001,
    0.001,
    0.001,
    0.001,
    0.001,
    0.001,
    0.001,
    0.001,
    0.001,
    0.001,
    0.0005,
    0.0005,
    0.0005,
    0.0005,
    0.0005,
    0.0005,
    0.00025,
    0.00025,
    0.00025,
    0.00025,
    0.00025,
    0.00025,
    0.000125,
    0.000125,
    0.000125
  ],
  "epoch_time": [
    93.44589233398438,
    93.31688451766968,
    93.30316853523254,
    93.50150966644287,
    93.61574459075928,
    93.28720664978027,
    93.25670766830444,
    93.32823204994202,
    93.30621027946472,
    93.22911715507507,
    93.21662712097168,
    93.04693007469177,
    93.09897828102112,
    93.00643730163574,
    92.94985103607178,
    92.96738243103027,
    92.96586322784424,
    92.98040223121643,
    92.97325825691223,
    93.0051691532135,
    93.0084228515625,
    92.97537469863892,
    92.96531629562378,
    93.06793093681335,
    93.04143953323364,
    92.9283218383789,
    93.11603379249573,
    92.97836327552795,
    93.0400128364563,
    93.04208850860596,
    93.17979121208191,
    93.05102491378784,
    93.02943754196167,
    93.00045371055603,
    93.00743246078491,
    93.02645230293274,
    93.0389723777771,
    92.95636224746704,
    92.95381569862366,
    92.91830325126648,
    92.90078115463257,
    92.9513292312622,
    92.95779991149902,
    92.93333959579468,
    92.91478681564331,
    92.92781972885132,
    92.9493498802185,
    92.9453284740448,
    92.93081760406494,
    92.96334195137024,
    93.31738567352295,
    93.00507545471191
  ]
}